seq_ID	ID	mRNA	ORF_strand	ORF_frame	ORF_start	ORF_end	ORF	Fickett	Hexamer	Coding_prob
TCONS_00000280	TCONS_00000280_ORF_1_ORF_1	2379	+	3	510	1355	846	1.2202	0.547626933601039	0.999880890437405
TCONS_00000233	TCONS_00000233_ORF_1_ORF_1	3621	+	1	37	3159	3123	1.2391	0.450502365127526	1
TCONS_00000207	TCONS_00000207_ORF_1_ORF_1	2473	+	1	319	2052	1734	1.1412	0.4445498688555	0.999999985759092
TCONS_00000283	TCONS_00000283_ORF_1_ORF_1	3134	+	1	199	1920	1722	1.0907	0.384441806795154	0.999999971053471
TCONS_00000285	TCONS_00000285_ORF_1_ORF_1	3096	+	2	299	1882	1584	0.8336	0.300368554109877	0.999999453392117
TCONS_00000281	TCONS_00000281_ORF_1_ORF_1	3468	+	3	510	3047	2538	1.2256	0.494759473930196	0.999999999998972
TCONS_00000097	TCONS_00000097_ORF_1_ORF_1	1058	+	3	438	785	348	1.2349	0.496067237656675	0.963527506241957
TCONS_00000235	TCONS_00000235_ORF_1_ORF_1	5326	+	2	2123	4864	2742	1.2551	0.474194997025975	0.999999999999881
TCONS_00000118	TCONS_00000118_ORF_1_ORF_1	1339	+	1	220	1086	867	1.215	0.555124919870302	0.999913466370169
TCONS_00000246	TCONS_00000246_ORF_1_ORF_1	3991	+	1	1888	3570	1683	1.1722	0.453044245129872	0.999999976628376
TCONS_00000292	TCONS_00000292_ORF_1_ORF_1	1447	+	2	539	955	417	1.0764	0.310344604568946	0.913035914370447
TCONS_00000231	TCONS_00000231_ORF_1_ORF_1	3574	+	2	2093	3112	1020	1.2197	0.454630299565819	0.999968022669846
TCONS_00000186	TCONS_00000186_ORF_2_ORF_2	1093	+	1	544	720	177	1.1872	0.410794282952552	0.663095009625034
TCONS_00000188	TCONS_00000188_ORF_1_ORF_1	587	+	2	362	586	225	1.1965	0.723404522555936	0.959725970068925
TCONS_00000194	TCONS_00000194_ORF_1_ORF_1	2049	+	1	1	2049	2049	1.1605	0.444857853364027	0.999999999616989
TCONS_00000211	TCONS_00000211_ORF_1_ORF_1	1948	+	3	36	1526	1491	1.2102	0.455143141184191	0.999999844936664
TCONS_00000215	TCONS_00000215_ORF_1_ORF_1	1916	+	3	1008	1424	417	1.0764	0.310344604568946	0.910972234242221
TCONS_00000206	TCONS_00000206_ORF_1_ORF_1	4090	+	1	1888	3669	1782	1.1412	0.433879189158209	0.999999990296192
TCONS_00000098	TCONS_00000098_ORF_2_ORF_2	446	+	2	155	298	144	1.0981	0.461459473906704	0.585089695574306
TCONS_00000213	TCONS_00000213_ORF_1_ORF_1	1141	+	2	161	649	489	0.9552	0.303337080978663	0.937804597932953
TCONS_00000096	TCONS_00000096_ORF_1_ORF_1	1111	+	2	59	916	858	1.1641	0.600550412087748	0.999914498880238
TCONS_00000122	TCONS_00000122_ORF_1_ORF_1	879	+	3	327	620	294	1.2322	0.879282774534366	0.993279607751567
TCONS_00000247	TCONS_00000247_ORF_1_ORF_1	4137	+	1	1888	3243	1356	1.0401	0.378263584417042	0.999997730982511
TCONS_00000173	TCONS_00000173_ORF_2_ORF_2	3174	+	1	955	1230	276	1.263	0.777648196203001	0.984603114439825
TCONS_00000210	TCONS_00000210_ORF_1_ORF_1	1623	+	3	39	1202	1164	1.2156	0.497436220649362	0.999995511993026
TCONS_00000195	TCONS_00000195_ORF_1_ORF_1	1986	+	1	1	1986	1986	1.1083	0.441983324720621	0.999999999059108
TCONS_00000182	TCONS_00000182_ORF_1_ORF_1	1632	+	1	418	1272	855	1.2235	0.578586634477941	0.999915294443564
TCONS_00000199	TCONS_00000199_ORF_1_ORF_1	3994	+	1	1888	3573	1686	1.1668	0.452523141999052	0.999999976898429
TCONS_00000266	TCONS_00000266_ORF_1_ORF_1	6021	+	3	249	1769	1521	1.2164	0.322649554023309	0.999999696869917
TCONS_00000157	TCONS_00000157_ORF_1_ORF_1	3517	+	3	660	2582	1923	1.2252	0.499858598531173	0.999999999025982
TCONS_00000193	TCONS_00000193_ORF_1_ORF_1	1722	+	1	1	1722	1722	1.1219	0.47146575106145	0.999999985812071
TCONS_00000229	TCONS_00000229_ORF_1_ORF_1	839	+	1	40	348	309	1.0986	0.63785530425665	0.962322473493285
TCONS_00000015	TCONS_00000015_ORF_2_ORF_2	3050	+	2	1397	1873	477	1.1994	0.541766074756296	0.991532240983156
TCONS_00000008	TCONS_00000008_ORF_1_ORF_1	3753	+	3	660	2576	1917	1.2252	0.489210395107992	0.999999998874353
TCONS_00000289	TCONS_00000289_ORF_3_ORF_3	3157	+	2	299	958	660	1.2202	0.444713279477335	0.998143579252621
TCONS_00000234	TCONS_00000234_ORF_1_ORF_1	5454	+	1	1285	4992	3708	1.2391	0.451123205823505	1
TCONS_00000267	TCONS_00000267_ORF_1_ORF_1	5535	+	1	2482	4482	2001	1.2458	0.502923075499452	0.999999999584359
TCONS_00000112	TCONS_00000112_ORF_1_ORF_1	3461	+	1	181	2526	2346	1.2576	0.526360897601088	0.99999999999349
TCONS_00000298	TCONS_00000298_ORF_1_ORF_1	4467	+	3	1269	4013	2745	1.2551	0.474497449803991	0.999999999999891
TCONS_00000284	TCONS_00000284_ORF_1_ORF_1	2871	+	2	299	1657	1359	1.0401	0.377782260975277	0.999997947028842
TCONS_00000156	TCONS_00000156_ORF_1_ORF_1	3139	+	3	750	2672	1923	1.1236	0.467159971231265	0.99999999834863
TCONS_00000009	TCONS_00000009_ORF_1_ORF_1	4895	+	2	3158	3718	561	1.1826	0.480203883052777	0.994348178494667
TCONS_00000016	TCONS_00000016_ORF_1_ORF_1	4807	+	1	3091	3630	540	1.1772	0.506397841015458	0.993820553889337
TCONS_00000005	TCONS_00000005_ORF_1_ORF_1	4731	+	1	169	4257	4089	1.2636	0.551734811045099	1
TCONS_00000228	TCONS_00000228_ORF_1_ORF_1	824	+	1	40	333	294	1.2009	0.695157094632582	0.977547821435784
TCONS_00000087	TCONS_00000087_ORF_1_ORF_1	1248	+	2	173	721	549	1.086	0.455516391351894	0.991448144216443
TCONS_00000232	TCONS_00000232_ORF_1_ORF_1	2655	+	1	1030	2193	1164	1.2533	0.461446188975239	0.999994811560121
TCONS_00000291	TCONS_00000291_ORF_1_ORF_1	1417	+	3	594	1169	576	0.9987	-0.0142588262197837	0.869229046685997
TCONS_00000114	TCONS_00000114_ORF_1_ORF_1	3543	+	1	181	2745	2565	1.2576	0.545302207556676	0.999999999999497
TCONS_00000003	TCONS_00000003_ORF_1_ORF_1	3689	+	2	194	2512	2319	1.2576	0.532653763855613	0.999999999991417
TCONS_00000282	TCONS_00000282_ORF_1_ORF_1	3465	+	3	510	3044	2535	1.2256	0.495155272609332	0.999999999998939
TCONS_00000198	TCONS_00000198_ORF_1_ORF_1	2532	+	3	1083	2111	1029	1.2102	0.48226924206	0.999976139170362
TCONS_00000212	TCONS_00000212_ORF_1_ORF_1	318	+	3	45	317	273	1.1531	0.342210453459037	0.779010227984594
TCONS_00000120	TCONS_00000120_ORF_1_ORF_1	6866	+	3	2157	2867	711	1.2042	0.471054956082197	0.998841129662969
TCONS_00000256	TCONS_00000256_ORF_1_ORF_1	1360	+	2	452	868	417	1.0764	0.310344604568946	0.913413938689326
TCONS_00000184	TCONS_00000184_ORF_1_ORF_1	862	+	1	418	699	282	1.2175	0.58672482825189	0.954198212127179
TCONS_00000185	TCONS_00000185_ORF_3_ORF_3	2364	+	3	1815	1991	177	1.1872	0.410794282952552	0.647353589259014
TCONS_00000081	TCONS_00000081_ORF_4_ORF_4	3724	+	3	1506	1781	276	1.263	0.777648196203001	0.984139191896508
TCONS_00000086	TCONS_00000086_ORF_1_ORF_1	1582	+	3	87	833	747	1.1872	0.584498336184964	0.999690871313462
TCONS_00000121	TCONS_00000121_ORF_1_ORF_1	1494	+	1	82	714	633	1.2118	0.639552605232111	0.999275817581199
TCONS_00000181	TCONS_00000181_ORF_1_ORF_1	1040	+	3	135	680	546	1.1536	0.481973352027354	0.994085619586527
TCONS_00000146	TCONS_00000146_ORF_1_ORF_1	1933	+	2	149	697	549	1.1482	0.469737170220831	0.993413785111125
TCONS_00000145	TCONS_00000145_ORF_4_ORF_4	4041	+	2	29	178	150	1.1574	0.622601535277308	0.80154566049538
TCONS_00000203	TCONS_00000203_ORF_2_ORF_2	2740	+	1	319	978	660	1.2202	0.444713279477335	0.998185467920078
TCONS_00000180	TCONS_00000180_ORF_1_ORF_1	1250	+	2	71	604	534	1.1003	0.586521607712519	0.995633257939284
TCONS_00000183	TCONS_00000183_ORF_1_ORF_1	620	+	2	176	457	282	1.2175	0.58672482825189	0.954774645165701
TCONS_00000082	TCONS_00000082_ORF_2_ORF_2	1158	+	1	235	510	276	1.263	0.777648196203001	0.986192140347872
TCONS_00000004	TCONS_00000004_ORF_1_ORF_1	3716	+	2	194	2539	2346	1.2576	0.526360897601088	0.999999999993398
TCONS_00000177	TCONS_00000177_ORF_1_ORF_1	2085	+	2	56	802	747	1.2196	0.549888356386445	0.999649405278128
TCONS_00000113	TCONS_00000113_ORF_1_ORF_1	3256	+	3	705	2321	1617	1.2252	0.512908951187465	0.999999972788439
TCONS_00000288	TCONS_00000288_ORF_1_ORF_1	2409	+	3	960	1988	1029	1.2102	0.48226924206	0.999976299548459
TCONS_00000119	TCONS_00000119_ORF_1_ORF_1	1538	+	3	240	1124	885	1.1966	0.410408926331086	0.999816617981915
TCONS_00000115	TCONS_00000115_ORF_1_ORF_1	3018	+	3	762	2711	1950	1.1236	0.460495434388175	0.999999998737187
TCONS_00000111	TCONS_00000111_ORF_1_ORF_1	3471	+	2	200	2518	2319	1.2576	0.532653763855613	0.999999999991519
TCONS_00000230	TCONS_00000230_ORF_2_ORF_2	1995	+	3	777	938	162	1.1676	0.386138263604086	0.560368622383684
TCONS_00000164	TCONS_00000164_ORF_1_ORF_1	655	+	1	211	348	138	1.2399	0.81296492983522	0.947197891195713
TCONS_00000014	TCONS_00000014_ORF_1_ORF_1	1160	+	1	217	693	477	1.1994	0.541766074756296	0.992359456709629
TCONS_00000187	TCONS_00000187_ORF_1_ORF_1	1860	+	3	1416	1697	282	1.2175	0.58672482825189	0.951746331150223
TCONS_00000248	TCONS_00000248_ORF_1_ORF_1	4025	+	2	2162	3604	1443	1.2164	0.468678985804509	0.999999731937127
TCONS_00000116	TCONS_00000116_ORF_1_ORF_1	2997	+	3	231	1820	1590	1.2198	0.521863630262647	0.999999964984638
TCONS_00000208	TCONS_00000208_ORF_1_ORF_1	2173	+	1	70	1752	1683	1.1722	0.453044245129872	0.999999978845781
TCONS_00000149	TCONS_00000149_ORF_1_ORF_1	4607	+	3	1656	2000	345	1.0871	0.170897928679161	0.637186682559724
TCONS_00000254	TCONS_00000254_ORF_1_ORF_1	1881	+	3	48	1460	1413	1.2038	0.446140221491657	0.99999960078369
TCONS_00000117	TCONS_00000117_ORF_1_ORF_1	2408	+	1	763	1473	711	1.2042	0.471054956082197	0.999092208738294
TCONS_00000084	TCONS_00000084_ORF_1_ORF_1	2108	+	3	87	833	747	1.1872	0.560324573137036	0.999631576661552
TCONS_00000143	TCONS_00000143_ORF_1_ORF_1	1970	+	2	362	613	252	1.1965	0.663900699438398	0.954178384008378
TCONS_00000251	TCONS_00000251_ORF_1_ORF_1	5293	+	1	1888	2685	798	0.7794	0.247891958894432	0.993308261336457
TCONS_00000174	TCONS_00000174_ORF_1_ORF_1	2291	+	3	963	1643	681	1.133	0.459387195672635	0.998270387933433
TCONS_00000007	TCONS_00000007_ORF_1_ORF_1	3631	+	1	169	2454	2286	1.2576	0.530271063581558	0.999999999987443
TCONS_00000259	TCONS_00000259_ORF_1_ORF_1	1439	+	3	531	947	417	1.0764	0.310344604568946	0.913070737473327
TCONS_00000202	TCONS_00000202_ORF_1_ORF_1	2495	+	2	866	2074	1209	0.9988	0.36620230372763	0.999986677277335
TCONS_00000144	TCONS_00000144_ORF_1_ORF_1	2147	+	2	164	865	702	1.0373	0.0704277534080378	0.98036785339634
TCONS_00000250	TCONS_00000250_ORF_1_ORF_1	4013	+	2	2384	3592	1209	0.9988	0.36620230372763	0.999985520935595
TCONS_00000089	TCONS_00000089_ORF_1_ORF_1	1174	+	2	71	814	744	1.2142	0.559179449880965	0.999667880332608
TCONS_00000092	TCONS_00000092_ORF_1_ORF_1	1655	+	2	362	1237	876	1.1536	0.595084755918447	0.999922803995052
TCONS_00000268	TCONS_00000268_ORF_1_ORF_1	5054	+	1	2485	4596	2112	1.2458	0.516223453430293	0.999999999892134
TCONS_00000085	TCONS_00000085_ORF_1_ORF_1	2241	+	1	85	828	744	1.2196	0.569657918521234	0.999675655201048
TCONS_00000253	TCONS_00000253_ORF_1_ORF_1	4143	+	3	2514	3722	1209	0.9988	0.36620230372763	0.999985417360665
TCONS_00000297	TCONS_00000297_ORF_1_ORF_1	5515	+	2	776	5056	4281	1.2453	0.422666987817568	1
TCONS_00000011	TCONS_00000011_ORF_1_ORF_1	1856	+	1	589	1389	801	1.1966	0.439629104906081	0.999600085151464
TCONS_00000006	TCONS_00000006_ORF_1_ORF_1	3876	+	3	750	2699	1950	1.1236	0.460495434388175	0.999999998676358
TCONS_00000161	TCONS_00000161_ORF_1_ORF_1	3884	+	2	3038	3577	540	1.1772	0.506397841015458	0.994123717266907
TCONS_00000163	TCONS_00000163_ORF_1_ORF_1	747	+	2	302	565	264	1.2322	0.858068993268224	0.989426115599148
TCONS_00000158	TCONS_00000158_ORF_1_ORF_1	3859	+	2	89	3385	3297	1.2698	0.555944217136729	1
TCONS_00000010	TCONS_00000010_ORF_1_ORF_1	3115	+	2	803	1513	711	1.2042	0.471054956082197	0.999056360416491
TCONS_00000013	TCONS_00000013_ORF_1_ORF_1	2180	+	2	266	1003	738	1.2042	0.45325765291965	0.999261507975823
TCONS_00000242	TCONS_00000242_ORF_1_ORF_1	387	+	1	61	387	327	0.8411	0.424064508218478	0.782698625980852
TCONS_00000160	TCONS_00000160_ORF_1_ORF_1	1417	+	3	240	950	711	1.2042	0.471054956082197	0.999140178611314
TCONS_00000197	TCONS_00000197_ORF_1_ORF_1	2191	+	3	15	1769	1755	1.1412	0.4553145077011	0.999999989614721
TCONS_00000290	TCONS_00000290_ORF_2_ORF_2	862	+	2	380	862	483	1.2038	0.539969230037235	0.992996708489673
TCONS_00000155	TCONS_00000155_ORF_1_ORF_1	3248	+	1	724	2313	1590	1.2198	0.521863630262647	0.999999964499402
TCONS_00000274	TCONS_00000274_ORF_1_ORF_1	4331	+	3	1143	3116	1974	1.2358	0.407168510764489	0.999999999025998
TCONS_00000244	TCONS_00000244_ORF_1_ORF_1	2557	+	1	91	2136	2046	1.1605	0.445275111021331	0.999999999593758
TCONS_00000159	TCONS_00000159_ORF_1_ORF_1	3563	+	2	1676	2386	711	1.2042	0.471054956082197	0.999032916112564
TCONS_00000227	TCONS_00000227_ORF_1_ORF_1	6699	+	3	1824	2567	744	0.6212	0.0509607411907216	0.92946875044885
TCONS_00000172	TCONS_00000172_ORF_1_ORF_1	1955	+	2	1556	1954	399	0.967	0.0708369646262157	0.572369738184755
TCONS_00000017	TCONS_00000017_ORF_2_ORF_2	1525	+	1	211	348	138	1.2399	0.81296492983522	0.944760527006702
TCONS_00000258	TCONS_00000258_ORF_1_ORF_1	949	+	2	299	712	414	0.6473	0.133195234125113	0.447902472496451
TCONS_00000263	TCONS_00000263_ORF_1_ORF_1	4769	+	2	221	3277	3057	1.2507	0.393474401693147	1
TCONS_00000204	TCONS_00000204_ORF_1_ORF_1	3946	+	1	1888	3525	1638	1.1668	0.464367702422521	0.999999963313539
TCONS_00000269	TCONS_00000269_ORF_1_ORF_1	4483	+	1	460	2991	2532	1.2507	0.432270496595307	0.999999999998442
TCONS_00000094	TCONS_00000094_ORF_1_ORF_1	1737	+	3	438	1313	876	1.186	0.586190660543373	0.999926804685962
TCONS_00000088	TCONS_00000088_ORF_1_ORF_1	1219	+	2	41	898	858	1.1911	0.570433657736756	0.999905921845299
TCONS_00000265	TCONS_00000265_ORF_1_ORF_1	5103	+	1	2137	3996	1860	1.2551	0.502027707699058	0.999999998085922
TCONS_00000139	TCONS_00000139_ORF_5_ORF_5	5855	+	3	1419	1694	276	1.263	0.777648196203001	0.982208289065216
TCONS_00000205	TCONS_00000205_ORF_1_ORF_1	3943	+	1	1888	3522	1635	1.1668	0.464925905205026	0.999999962195831
TCONS_00000093	TCONS_00000093_ORF_1_ORF_1	1731	+	2	362	1006	645	1.1713	0.607549554375014	0.99910446011281
TCONS_00000148	TCONS_00000148_ORF_1_ORF_1	810	+	1	88	732	645	1.1713	0.607549554375014	0.999148524047945
TCONS_00000201	TCONS_00000201_ORF_1_ORF_1	2560	+	1	1111	2139	1029	1.2102	0.48226924206	0.999976102510149
TCONS_00000090	TCONS_00000090_ORF_1_ORF_1	1259	+	2	71	835	765	1.1713	0.568425992704663	0.999710826213903
TCONS_00000178	TCONS_00000178_ORF_1_ORF_1	2132	+	2	71	817	747	1.1692	0.594934552935555	0.999681817535164
TCONS_00000252	TCONS_00000252_ORF_1_ORF_1	4019	+	2	1916	3598	1683	1.1722	0.453044245129872	0.999999976592466
TCONS_00000209	TCONS_00000209_ORF_1_ORF_1	2642	+	1	70	1428	1359	1.0401	0.377782260975277	0.999997972645478
TCONS_00000099	TCONS_00000099_ORF_1_ORF_1	917	+	2	488	769	282	1.2175	0.58672482825189	0.954066232458728
TCONS_00000264	TCONS_00000264_ORF_1_ORF_1	5100	+	1	2134	3993	1860	1.2551	0.502027707699058	0.999999998086237
TCONS_00000200	TCONS_00000200_ORF_1_ORF_1	2670	+	1	319	1677	1359	1.0401	0.377782260975277	0.999997969530545
TCONS_00000287	TCONS_00000287_ORF_1_ORF_1	2874	+	1	1105	2010	906	0.8169	0.265218048022567	0.998607827407235
TCONS_00000091	TCONS_00000091_ORF_1_ORF_1	1259	+	2	71	835	765	1.1713	0.578615684650122	0.999728160635448
TCONS_00000095	TCONS_00000095_ORF_1_ORF_1	1185	+	1	85	828	744	1.2196	0.569657918521234	0.999693896413773
TCONS_00000273	TCONS_00000273_ORF_1_ORF_1	5408	+	1	1	2979	2979	1.261	0.365370426771723	1
TCONS_00000162	TCONS_00000162_ORF_1_ORF_1	1526	+	1	115	591	477	1.1994	0.541766074756296	0.992205782672784
TCONS_00000217	TCONS_00000217_ORF_1_ORF_1	1918	+	1	283	699	417	1.0764	0.310344604568946	0.910963340008229
TCONS_00000270	TCONS_00000270_ORF_1_ORF_1	4955	+	2	221	4501	4281	1.2453	0.422666987817568	1
TCONS_00000012	TCONS_00000012_ORF_1_ORF_1	2645	+	2	668	1468	801	1.1966	0.439629104906081	0.999582411773287
TCONS_00000243	TCONS_00000243_ORF_1_ORF_1	1467	+	1	124	432	309	0.8701	0.376660627685768	0.697025245743941
TCONS_00000245	TCONS_00000245_ORF_1_ORF_1	2556	+	3	135	2135	2001	1.1736	0.45436632305266	0.999999999392094
TCONS_00000236	TCONS_00000236_ORF_1_ORF_1	6640	+	1	16	2997	2982	1.261	0.365946243252057	1
TCONS_00000271	TCONS_00000271_ORF_1_ORF_1	3004	+	2	269	3004	2736	1.1762	0.341431966496627	0.999999999999671
TCONS_00000249	TCONS_00000249_ORF_1_ORF_1	3971	+	2	1916	3550	1635	1.1668	0.464925905205026	0.999999962137746
TCONS_00000286	TCONS_00000286_ORF_1_ORF_1	2504	+	2	299	2083	1785	1.1412	0.433419300605315	0.99999999137398
TCONS_00000275	TCONS_00000275_ORF_1_ORF_1	3477	+	3	1143	3119	1977	1.2358	0.407973963167192	0.999999999105615
TCONS_00000359	TCONS_00000359_ORF_1_ORF_1	1671	+	2	293	1183	891	1.0024	0.175606478659482	0.998599191074913
TCONS_00000302	TCONS_00000302_ORF_1_ORF_1	4212	+	3	177	851	675	0.9331	0.328720389207845	0.991019314569377
TCONS_00000352	TCONS_00000352_ORF_1_ORF_1	3249	+	2	155	1027	873	1.044	-0.163136349365234	0.987497143759276
TCONS_00000351	TCONS_00000351_ORF_1_ORF_1	6553	+	1	3421	4137	717	1.2044	0.311019724443195	0.997193455077774
TCONS_00000305	TCONS_00000305_ORF_1_ORF_1	4174	+	1	160	813	654	0.9221	0.342575817096157	0.989195796078661
TCONS_00000301	TCONS_00000301_ORF_1_ORF_1	929	+	1	163	693	531	0.8331	0.126612420799668	0.845725271962855
TCONS_00000355	TCONS_00000355_ORF_1_ORF_1	7002	+	3	396	6254	5859	1.0058	0.113226331061483	1
TCONS_00000353	TCONS_00000353_ORF_1_ORF_1	9879	+	2	293	6151	5859	1.0058	0.113226331061483	1
TCONS_00000350	TCONS_00000350_ORF_1_ORF_1	12429	+	2	293	6151	5859	1.0058	0.113226331061483	1
TCONS_00000366	TCONS_00000366_ORF_1_ORF_1	1003	+	2	47	700	654	0.976	0.176181447602194	0.979505723946069
TCONS_00000325	TCONS_00000325_ORF_1_ORF_1	3667	+	1	34	2733	2700	1.0328	0.0336141226411201	0.999999999994585
TCONS_00000329	TCONS_00000329_ORF_1_ORF_1	2927	+	2	293	2710	2418	0.9628	0.1620902624411	0.999999999928812
TCONS_00000349	TCONS_00000349_ORF_1_ORF_1	9284	+	1	2641	3357	717	1.2044	0.311019724443195	0.996741571176336
TCONS_00000367	TCONS_00000367_ORF_1_ORF_1	9706	+	2	293	6151	5859	1.0058	0.113226331061483	1
TCONS_00000323	TCONS_00000323_ORF_1_ORF_1	1300	+	2	344	997	654	0.976	0.176181447602194	0.979176251357456
TCONS_00000328	TCONS_00000328_ORF_1_ORF_1	3158	+	2	293	2656	2364	0.9436	0.175007994101295	0.999999999869689
TCONS_00000307	TCONS_00000307_ORF_1_ORF_1	938	+	3	177	473	297	1.0036	0.299891073423846	0.673105020059059
TCONS_00000357	TCONS_00000357_ORF_1_ORF_1	3911	+	2	293	2275	1983	0.9866	0.180562349136754	0.999999991962794
TCONS_00000324	TCONS_00000324_ORF_1_ORF_1	754	+	1	439	753	315	1.1994	0.266421200428866	0.803068397802083
TCONS_00000326	TCONS_00000326_ORF_1_ORF_1	4230	+	2	293	3178	2886	0.9436	0.172985406062074	0.999999999999593
TCONS_00000331	TCONS_00000331_ORF_1_ORF_1	3245	+	2	293	1894	1602	0.9674	0.181298640475847	0.99999941486731
TCONS_00000304	TCONS_00000304_ORF_1_ORF_1	872	+	3	111	842	732	0.891	0.204559863308287	0.990300495188391
TCONS_00000311	TCONS_00000311_ORF_1_ORF_1	444	+	2	26	442	417	1.0493	0.354798885297351	0.929734511291317
TCONS_00000356	TCONS_00000356_ORF_1_ORF_1	4104	+	2	293	2104	1812	0.9866	0.197432917165394	0.999999950329802
TCONS_00000360	TCONS_00000360_ORF_1_ORF_1	1932	+	2	293	1210	918	0.9464	0.162156991313559	0.998617401426817
TCONS_00000354	TCONS_00000354_ORF_1_ORF_1	6859	+	2	293	5521	5229	1.0179	0.130880929589086	1
TCONS_00000358	TCONS_00000358_ORF_1_ORF_1	2454	+	2	293	2140	1848	1.0146	0.192083168304085	0.999999971550938
TCONS_00000310	TCONS_00000310_ORF_1_ORF_1	853	+	3	111	599	489	1.0021	0.303372594966881	0.947396732478135
TCONS_00000361	TCONS_00000361_ORF_1_ORF_1	2773	+	1	7	303	297	1.0042	0.175440554789323	0.467176082597286
TCONS_00000362	TCONS_00000362_ORF_1_ORF_1	3398	+	2	293	928	636	1.0094	0.188356016192322	0.976413576405596
TCONS_00000405	TCONS_00000405_ORF_1_ORF_1	2803	+	2	1061	2368	1308	1.3108	0.587856586221411	0.99999960219684
TCONS_00000401	TCONS_00000401_ORF_1_ORF_1	5116	+	1	2089	4869	2781	1.2895	0.597516281484906	1
TCONS_00000390	TCONS_00000390_ORF_1_ORF_1	1849	+	1	46	1602	1557	1.2904	0.664011359495029	0.999999984262023
TCONS_00000407	TCONS_00000407_ORF_1_ORF_1	2534	+	1	946	1992	1047	1.2952	0.506861201524908	0.999987462322794
TCONS_00000402	TCONS_00000402_ORF_1_ORF_1	3928	+	1	55	3681	3627	1.2697	0.662326702749605	1
TCONS_00000393	TCONS_00000393_ORF_1_ORF_1	2309	+	3	75	1343	1269	1.3262	0.480690819773796	0.999998911648115
TCONS_00000400	TCONS_00000400_ORF_1_ORF_1	793	+	3	21	251	231	1.2267	0.426342336332268	0.821745994901276
TCONS_00000391	TCONS_00000391_ORF_1_ORF_1	4616	+	1	91	4074	3984	1.2895	0.630997252252458	1
TCONS_00000392	TCONS_00000392_ORF_1_ORF_1	3038	+	1	58	2496	2439	1.3306	0.569755961273416	0.999999999998657
TCONS_00000397	TCONS_00000397_ORF_1_ORF_1	347	+	3	126	347	222	1.2336	0.715895308358044	0.962052267203691
TCONS_00000389	TCONS_00000389_ORF_1_ORF_1	7204	+	3	39	6662	6624	1.315	0.645297024515571	1
TCONS_00000399	TCONS_00000399_ORF_1_ORF_1	2494	+	3	645	1952	1308	1.3108	0.587856586221411	0.999999608879987
TCONS_00000387	TCONS_00000387_ORF_1_ORF_1	7336	+	3	267	6794	6528	1.2952	0.642357183737112	1
TCONS_00000403	TCONS_00000403_ORF_1_ORF_1	7217	+	1	55	6675	6621	1.315	0.645573726323617	1
TCONS_00000404	TCONS_00000404_ORF_1_ORF_1	6992	+	1	55	6447	6393	1.315	0.647316905115864	1
TCONS_00000406	TCONS_00000406_ORF_1_ORF_1	3922	+	3	2712	3380	669	1.2952	0.60530032337909	0.999489196909085
TCONS_00000398	TCONS_00000398_ORF_1_ORF_1	4966	+	2	41	3229	3189	1.2715	0.615964817145352	1
TCONS_00000388	TCONS_00000388_ORF_1_ORF_1	2147	+	3	39	1229	1191	1.2895	0.62705045086542	0.999998794623658
TCONS_00000386	TCONS_00000386_ORF_1_ORF_1	7483	+	3	291	6938	6648	1.315	0.62812469563901	1
TCONS_00000394	TCONS_00000394_ORF_1_ORF_1	2643	+	2	62	736	675	1.2952	0.509592306559826	0.999204297281584
TCONS_00000469	TCONS_00000469_ORF_1_ORF_1	3503	+	2	968	2065	1098	0.7102	-0.0075301084162559	0.998728320361808
TCONS_00000477	TCONS_00000477_ORF_1_ORF_1	2038	+	3	204	857	654	0.7475	-0.075248029599335	0.817086318976555
TCONS_00000472	TCONS_00000472_ORF_1_ORF_1	3184	+	1	511	981	471	0.6037	0.0992633404085966	0.487453556247825
TCONS_00000479	TCONS_00000479_ORF_1_ORF_1	3042	+	3	489	1586	1098	0.7102	-0.0075301084162559	0.998760022667149
TCONS_00000462	TCONS_00000462_ORF_1_ORF_1	2627	+	3	324	1010	687	0.7475	-0.100186539300846	0.843208705752326
TCONS_00000461	TCONS_00000461_ORF_1_ORF_1	3077	+	2	797	1624	828	0.7771	-0.014826080055012	0.979268140082046
TCONS_00000475	TCONS_00000475_ORF_1_ORF_1	1865	+	1	511	1587	1077	0.7477	-0.0234208152088103	0.998577411230618
TCONS_00000471	TCONS_00000471_ORF_1_ORF_1	3487	+	2	704	1666	963	0.7475	-0.0757549989472287	0.992394419681505
TCONS_00000465	TCONS_00000465_ORF_1_ORF_1	3024	+	3	153	1589	1437	0.7912	0.0289874834237571	0.999983061379644
TCONS_00000458	TCONS_00000458_ORF_1_ORF_1	2799	+	1	40	963	924	0.8169	-0.0650117055609011	0.991649632923948
TCONS_00000463	TCONS_00000463_ORF_1_ORF_1	3046	+	2	122	1210	1089	0.7477	-0.0282508145107856	0.998633372465909
TCONS_00000473	TCONS_00000473_ORF_1_ORF_1	2038	+	3	471	1781	1311	0.7926	-0.000364192049662609	0.999921866088088
TCONS_00000470	TCONS_00000470_ORF_1_ORF_1	3475	+	2	704	1654	951	0.7529	-0.0708843565030471	0.991721772381821
TCONS_00000481	TCONS_00000481_ORF_1_ORF_1	5436	+	1	304	2031	1728	0.8945	0.0906904685310163	0.999999640956516
TCONS_00000474	TCONS_00000474_ORF_1_ORF_1	1392	+	3	324	1010	687	0.7475	-0.100186539300846	0.851954762710696
TCONS_00000466	TCONS_00000466_ORF_1_ORF_1	2767	+	1	58	1329	1272	0.7872	0.00974992511173435	0.999879467667581
TCONS_00000464	TCONS_00000464_ORF_1_ORF_1	3096	+	3	615	1661	1047	0.7569	-0.00172948861862909	0.998192613788927
TCONS_00000478	TCONS_00000478_ORF_1_ORF_1	1727	+	3	99	1142	1044	0.7531	-0.00539176745595647	0.998203724705935
TCONS_00000480	TCONS_00000480_ORF_1_ORF_1	1717	+	3	324	1043	720	0.8354	-0.109476031325942	0.912777378100634
TCONS_00000457	TCONS_00000457_ORF_1_ORF_1	2787	+	1	40	951	912	0.7839	-0.0597902660034533	0.989660567954203
TCONS_00000459	TCONS_00000459_ORF_1_ORF_1	2068	+	1	262	615	354	0.8783	0.075102211628374	0.378010169959162
TCONS_00000493	TCONS_00000493_ORF_1_ORF_1	5411	+	1	1348	3039	1692	1.3051	0.628485153498779	0.999999995017459
TCONS_00000495	TCONS_00000495_ORF_1_ORF_1	5755	+	3	4323	4997	675	0.5253	0.0984027261123627	0.860045301537673
TCONS_00000498	TCONS_00000498_ORF_1_ORF_1	8571	+	1	2368	3354	987	1.3051	0.629496340950133	0.999984314924643
TCONS_00000496	TCONS_00000496_ORF_1_ORF_1	5753	+	1	4255	4995	741	0.6214	0.100400072983804	0.947725944869699
TCONS_00000492	TCONS_00000492_ORF_1_ORF_1	14656	+	3	4470	6239	1770	1.282	0.53082734308797	0.999999993230347
TCONS_00000494	TCONS_00000494_ORF_1_ORF_1	5753	+	1	4255	4995	741	0.5591	0.0856203412503211	0.930417418252595
TCONS_00000497	TCONS_00000497_ORF_1_ORF_1	7410	+	2	4088	5038	951	1.2895	0.569252652829616	0.999966513403562
TCONS_00000584	TCONS_00000584_ORF_1_ORF_1	3246	+	1	1	3246	3246	1.0768	0.273324572408228	1
TCONS_00000594	TCONS_00000594_ORF_1_ORF_1	1461	+	3	69	1349	1281	1.0854	0.333177025166553	0.999994900499265
TCONS_00000579	TCONS_00000579_ORF_1_ORF_1	5329	+	3	294	3539	3246	1.0768	0.273324572408228	1
TCONS_00000593	TCONS_00000593_ORF_1_ORF_1	7300	+	1	211	3264	3054	1.0822	0.292099425495714	1
TCONS_00000583	TCONS_00000583_ORF_1_ORF_1	3169	+	1	211	3168	2958	1.0586	0.250121009606993	1
TCONS_00000590	TCONS_00000590_ORF_1_ORF_1	9133	+	3	309	2408	2100	1.0921	0.236598048670243	0.999999998569935
TCONS_00000580	TCONS_00000580_ORF_1_ORF_1	4135	+	3	288	3095	2808	1.1092	0.270822493213569	0.999999999999698
TCONS_00000582	TCONS_00000582_ORF_1_ORF_1	5762	+	3	282	3581	3300	1.0768	0.281827020587065	1
TCONS_00000592	TCONS_00000592_ORF_1_ORF_1	11183	+	3	282	3581	3300	1.0768	0.281827020587065	1
TCONS_00000589	TCONS_00000589_ORF_1_ORF_1	5474	+	3	1476	4433	2958	1.0822	0.295822585673872	1
TCONS_00000578	TCONS_00000578_ORF_1_ORF_1	4724	+	2	317	3355	3039	1.0768	0.299323994230035	1
TCONS_00000585	TCONS_00000585_ORF_1_ORF_1	813	+	3	453	812	360	1.1897	0.223909614709203	0.834020055914164
TCONS_00000591	TCONS_00000591_ORF_1_ORF_1	4761	+	3	309	3401	3093	1.1202	0.307941665060859	1
TCONS_00000581	TCONS_00000581_ORF_1_ORF_1	5678	+	3	288	3497	3210	1.0768	0.290273505334689	1
TCONS_00000609	TCONS_00000609_ORF_1_ORF_1	1027	+	2	221	1027	807	0.8897	0.091011206669077	0.991532320168328
TCONS_00000606	TCONS_00000606_ORF_1_ORF_1	2179	+	1	1390	1545	156	1.2776	0.221620103176366	0.388478909325642
TCONS_00000611	TCONS_00000611_ORF_1_ORF_1	3867	+	3	258	1025	768	1.1251	0.317526774609443	0.998268392588829
TCONS_00000610	TCONS_00000610_ORF_1_ORF_1	1107	+	1	46	1107	1062	1.0474	0.134462647535033	0.999779368364811
TCONS_00000608	TCONS_00000608_ORF_1_ORF_1	4692	+	2	863	1870	1008	1.1318	0.246241826527302	0.999813581737302
TCONS_00000656	TCONS_00000656_ORF_1_ORF_1	1517	+	1	367	981	615	1.2706	0.767428962778419	0.999666583153912
TCONS_00000625	TCONS_00000625_ORF_1_ORF_1	609	+	1	55	540	486	1.068	0.316600612578986	0.960005413813238
TCONS_00000670	TCONS_00000670_ORF_1_ORF_1	724	+	3	111	653	543	1.1199	0.306005736471575	0.980625068890563
TCONS_00000643	TCONS_00000643_ORF_1_ORF_1	622	+	1	109	621	513	1.242	0.628680435683769	0.997460250930491
TCONS_00000673	TCONS_00000673_ORF_1_ORF_1	10991	+	3	18	1472	1455	1.0826	0.341167389824018	0.999998819222531
TCONS_00000663	TCONS_00000663_ORF_1_ORF_1	2426	+	3	111	1586	1476	1.0766	0.345256249909945	0.999999418724028
TCONS_00000658	TCONS_00000658_ORF_1_ORF_1	2283	+	3	180	887	708	1.1	0.337547771037627	0.997004143768369
TCONS_00000665	TCONS_00000665_ORF_1_ORF_1	5644	+	3	111	614	504	1.1989	0.307102565667324	0.970605078383994
TCONS_00000642	TCONS_00000642_ORF_1_ORF_1	1201	+	2	77	691	615	1.2706	0.767428962778419	0.999672308525022
TCONS_00000671	TCONS_00000671_ORF_1_ORF_1	11078	+	3	111	1565	1455	1.0826	0.341167389824018	0.999998813576394
TCONS_00000674	TCONS_00000674_ORF_4_ORF_4	6885	+	1	6670	6885	216	1.146	0.3223291237938	0.529217918772967
TCONS_00000662	TCONS_00000662_ORF_1_ORF_1	11919	+	1	211	1665	1455	1.0826	0.341167389824018	0.999998757585756
TCONS_00000667	TCONS_00000667_ORF_1_ORF_1	9725	+	1	6469	6861	393	1.0798	0.0829995691270583	0.564883837084005
TCONS_00000672	TCONS_00000672_ORF_1_ORF_1	890	+	1	73	819	747	0.9444	0.261418384152295	0.995140149522965
TCONS_00000638	TCONS_00000638_ORF_2_ORF_2	979	+	3	12	266	255	0.9676	0.276768291194916	0.496428198664386
TCONS_00000655	TCONS_00000655_ORF_1_ORF_1	1568	+	2	107	589	483	1.2849	0.774534802762764	0.998666495282563
TCONS_00000626	TCONS_00000626_ORF_1_ORF_1	553	+	2	71	484	414	0.969	0.274466534824562	0.855547597511087
TCONS_00000631	TCONS_00000631_ORF_1_ORF_1	1265	+	1	109	600	492	1.2526	0.719481093429672	0.998149578739694
TCONS_00000664	TCONS_00000664_ORF_1_ORF_1	645	+	1	28	645	618	1.0566	0.358505568268039	0.992369980738082
TCONS_00000632	TCONS_00000632_ORF_1_ORF_1	1837	+	2	68	682	615	1.2706	0.767428962778419	0.999660683396766
TCONS_00000666	TCONS_00000666_ORF_1_ORF_1	2384	+	1	73	2088	2016	1.1236	0.378431908926904	0.99999999904097
TCONS_00000724	TCONS_00000724_ORF_2_ORF_2	447	+	3	48	428	381	1.3104	0.493133286379428	0.980529643527858
TCONS_00000718	TCONS_00000718_ORF_1_ORF_1	5231	+	2	62	5053	4992	1.2928	0.545567750633662	1
TCONS_00000726	TCONS_00000726_ORF_2_ORF_2	528	+	3	48	284	237	1.2871	0.542029235100374	0.925539501971559
TCONS_00000725	TCONS_00000725_ORF_2_ORF_2	531	+	3	48	275	228	1.3108	0.598903768420717	0.945115776905038
TCONS_00000727	TCONS_00000727_ORF_1_ORF_1	714	+	3	105	713	609	1.2928	0.583274316735028	0.999034320266712
TCONS_00000722	TCONS_00000722_ORF_1_ORF_1	3712	+	3	396	3665	3270	1.3071	0.490580999903949	1
TCONS_00000719	TCONS_00000719_ORF_1_ORF_1	368	+	1	139	321	183	1.0983	0.388478298694348	0.584706366806991
TCONS_00000720	TCONS_00000720_ORF_1_ORF_1	1177	+	3	336	1130	795	1.2157	0.541007530210892	0.999791423412309
TCONS_00000721	TCONS_00000721_ORF_3_ORF_3	730	+	3	48	332	285	1.315	0.640277439420096	0.976761236681387
TCONS_00000723	TCONS_00000723_ORF_1_ORF_1	3878	+	1	160	3831	3672	1.3251	0.53999064647765	1
TCONS_00000874	TCONS_00000874_ORF_1_ORF_1	1197	+	1	82	459	378	1.0034	0.254670861990291	0.792354402396309
TCONS_00000881	TCONS_00000881_ORF_1_ORF_1	978	+	1	76	786	711	0.9543	0.0179701691161928	0.96985435490504
TCONS_00000848	TCONS_00000848_ORF_1_ORF_1	1346	+	3	402	1139	738	1.1685	0.24028995677999	0.997100982256476
TCONS_00000846	TCONS_00000846_ORF_1_ORF_1	1225	+	2	203	1018	816	1.1745	0.278414704032418	0.999062914746766
TCONS_00000878	TCONS_00000878_ORF_1_ORF_1	2122	+	1	298	1209	912	0.8423	0.080890884843379	0.996504811386359
TCONS_00000844	TCONS_00000844_ORF_1_ORF_1	1647	+	1	436	1440	1005	1.1663	0.2581671900871	0.99986525918859
TCONS_00000882	TCONS_00000882_ORF_1_ORF_1	3213	+	1	853	3021	2169	0.8074	0.110075276300518	0.999999997253456
TCONS_00000867	TCONS_00000867_ORF_4_ORF_4	3708	+	2	1196	1351	156	1.1499	0.465688352698576	0.623239775537025
TCONS_00000824	TCONS_00000824_ORF_1_ORF_1	835	+	3	180	833	654	1.3174	0.565303732183559	0.999397776302348
TCONS_00000877	TCONS_00000877_ORF_1_ORF_1	1195	+	2	47	457	411	0.998	0.221567806532827	0.815926686014504
TCONS_00000869	TCONS_00000869_ORF_1_ORF_1	1879	+	3	621	1304	684	0.6964	-0.0745879603090299	0.841434196684913
TCONS_00000862	TCONS_00000862_ORF_1_ORF_1	4936	+	2	164	2494	2331	1.3284	0.5365707844479	0.999999999993852
TCONS_00000861	TCONS_00000861_ORF_1_ORF_1	864	+	1	598	864	267	0.9848	0.190376974671099	0.416129404174675
TCONS_00000847	TCONS_00000847_ORF_1_ORF_1	1443	+	1	178	1236	1059	1.1609	0.266629427430319	0.999929518293408
TCONS_00000863	TCONS_00000863_ORF_1_ORF_1	3460	+	3	315	1103	789	1.3063	0.555489695682751	0.999830567127956
TCONS_00000858	TCONS_00000858_ORF_1_ORF_1	1221	+	1	274	1011	738	1.1685	0.24028995677999	0.997120726911057
TCONS_00000854	TCONS_00000854_ORF_1_ORF_1	4894	+	3	207	2447	2241	0.8553	0.107362362484909	0.999999998840098
TCONS_00000860	TCONS_00000860_ORF_1_ORF_1	1192	+	2	167	982	816	1.1745	0.278414704032418	0.999064607221254
TCONS_00000784	TCONS_00000784_ORF_1_ORF_1	1195	+	2	68	1069	1002	1.1842	0.541459779572511	0.999977092997878
TCONS_00000866	TCONS_00000866_ORF_1_ORF_1	7301	+	1	4504	4944	441	1.2473	0.448016836314268	0.976416907729805
TCONS_00000865	TCONS_00000865_ORF_4_ORF_4	2909	+	1	397	552	156	1.1499	0.465688352698576	0.633470061107844
TCONS_00000864	TCONS_00000864_ORF_1_ORF_1	3676	+	2	443	1234	792	1.127	0.41242631167326	0.999267546952022
TCONS_00000850	TCONS_00000850_ORF_1_ORF_1	4783	+	3	99	2426	2328	1.315	0.585095624555334	0.999999999995082
TCONS_00000783	TCONS_00000783_ORF_1_ORF_1	1285	+	3	99	1145	1047	1.2706	0.548754485630045	0.999990116793144
TCONS_00000853	TCONS_00000853_ORF_1_ORF_1	3492	+	2	695	1135	441	1.2473	0.448016836314268	0.98077651603105
TCONS_00000868	TCONS_00000868_ORF_1_ORF_1	4441	+	2	107	2125	2019	0.7	0.0360877530420008	0.99999996430355
TCONS_00000851	TCONS_00000851_ORF_1_ORF_1	3540	+	3	210	674	465	1.202	0.486723402067799	0.986303353881151
TCONS_00000852	TCONS_00000852_ORF_1_ORF_1	3588	+	2	443	1231	789	1.3063	0.555489695682751	0.999829374000554
TCONS_00000781	TCONS_00000781_ORF_2_ORF_2	452	+	1	46	312	267	1.1474	0.484135969486306	0.883605745232194
TCONS_00000782	TCONS_00000782_ORF_1_ORF_1	1250	+	1	64	1110	1047	1.2706	0.548754485630045	0.99999013574158
TCONS_00000845	TCONS_00000845_ORF_1_ORF_1	808	+	3	72	704	633	1.1892	0.244812347338508	0.991789183633943
TCONS_00000875	TCONS_00000875_ORF_1_ORF_1	1272	+	1	82	477	396	0.9824	0.22236130743069	0.780398557034788
TCONS_00000870	TCONS_00000870_ORF_1_ORF_1	2277	+	2	248	2197	1950	0.7291	0.0967451803317877	0.999999957053422
TCONS_00001012	TCONS_00001012_ORF_1_ORF_1	7024	+	3	570	2969	2400	0.844	-0.0323296229804166	0.999999999465858
TCONS_00001004	TCONS_00001004_ORF_1_ORF_1	5423	+	3	222	3509	3288	0.9279	0.0221434480955424	1
TCONS_00001015	TCONS_00001015_ORF_1_ORF_1	7417	+	3	96	3410	3315	0.8955	0.0223943035153118	1
TCONS_00000988	TCONS_00000988_ORF_1_ORF_1	7474	+	3	72	3413	3342	0.9592	0.0264869977360892	1
TCONS_00001005	TCONS_00001005_ORF_1_ORF_1	3224	+	3	72	3224	3153	0.8645	0.0128085678776243	1
TCONS_00000990	TCONS_00000990_ORF_1_ORF_1	6447	+	1	4	2406	2403	0.8502	-0.0297823547578505	0.999999999517669
TCONS_00001001	TCONS_00001001_ORF_1_ORF_1	7710	+	1	295	3663	3369	0.9592	0.0289450040962524	1
TCONS_00001014	TCONS_00001014_ORF_1_ORF_1	735	+	2	47	700	654	0.9543	0.0768284003217871	0.960980475729647
TCONS_00001002	TCONS_00001002_ORF_1_ORF_1	7861	+	2	326	3652	3327	0.8955	0.022144685274361	1
TCONS_00001003	TCONS_00001003_ORF_2_ORF_2	5122	+	3	72	1448	1377	1.0307	0.131071831745666	0.999991234388714
TCONS_00000991	TCONS_00000991_ORF_1_ORF_1	7385	+	3	72	3344	3273	0.9158	0.0233200737367299	1
TCONS_00000992	TCONS_00000992_ORF_1_ORF_1	4828	+	2	251	3043	2793	0.9279	0.0043261410788036	0.999999999996503
TCONS_00000989	TCONS_00000989_ORF_1_ORF_1	7537	+	3	96	3476	3381	0.9592	0.02643806758405	1
TCONS_00001110	TCONS_00001110_ORF_1_ORF_1	4823	+	2	134	4699	4566	1.0409	0.158273610828158	1
TCONS_00001113	TCONS_00001113_ORF_1_ORF_1	1469	+	1	67	948	882	0.7254	0.0146567868833271	0.989523989555488
TCONS_00001069	TCONS_00001069_ORF_1_ORF_1	5403	+	3	1257	5279	4023	0.992	0.142918077111721	1
TCONS_00001115	TCONS_00001115_ORF_1_ORF_1	3379	+	1	2551	3255	705	0.7862	-0.0474462949275374	0.908536434640933
TCONS_00001108	TCONS_00001108_ORF_1_ORF_1	725	+	1	175	630	456	0.9637	-0.0591274310667608	0.549001882988042
TCONS_00001119	TCONS_00001119_ORF_1_ORF_1	2500	+	2	857	2083	1227	0.8733	0.0823030574447383	0.99990596354268
TCONS_00001093	TCONS_00001093_ORF_1_ORF_1	2570	+	3	138	2156	2019	0.9305	0.0785380969685141	0.999999988750891
TCONS_00001074	TCONS_00001074_ORF_1_ORF_1	5226	+	3	240	5102	4863	1.0409	0.162963918877989	1
TCONS_00001095	TCONS_00001095_ORF_1_ORF_1	5136	+	2	212	4594	4383	1.0143	0.181473865831595	1
TCONS_00001099	TCONS_00001099_ORF_1_ORF_1	4809	+	3	150	4688	4539	0.9595	0.157131030452947	1
TCONS_00001082	TCONS_00001082_ORF_1_ORF_1	6583	+	1	127	2919	2793	0.9392	0.194034299369832	0.999999999998829
TCONS_00001073	TCONS_00001073_ORF_1_ORF_1	4588	+	2	206	3244	3039	1.0333	0.208823440966359	1
TCONS_00001120	TCONS_00001120_ORF_1_ORF_1	2704	+	3	138	1601	1464	0.9718	0.0839106518104598	0.999995268966573
TCONS_00001070	TCONS_00001070_ORF_1_ORF_1	1521	+	2	212	547	336	0.8803	0.223600209378859	0.559376143055699
TCONS_00001088	TCONS_00001088_ORF_1_ORF_1	2396	+	2	1160	2272	1113	0.8357	0.000367870799347071	0.999373795127345
TCONS_00001079	TCONS_00001079_ORF_1_ORF_1	4784	+	1	1	4236	4236	0.9595	0.179634621008113	1
TCONS_00001121	TCONS_00001121_ORF_1_ORF_1	2642	+	3	162	2225	2064	0.9095	0.0662231631978847	0.999999992091753
TCONS_00001075	TCONS_00001075_ORF_1_ORF_1	5184	+	3	195	5057	4863	1.0409	0.162963918877989	1
TCONS_00001086	TCONS_00001086_ORF_1_ORF_1	1709	+	2	164	934	771	0.7514	0.051573970504232	0.973577953319622
TCONS_00001094	TCONS_00001094_ORF_1_ORF_1	5622	+	2	653	5140	4488	1.0045	0.170592887809261	1
TCONS_00001071	TCONS_00001071_ORF_1_ORF_1	1422	+	2	212	1420	1209	1.0354	0.219148522096403	0.999972973445038
TCONS_00001102	TCONS_00001102_ORF_1_ORF_1	4763	+	2	128	4642	4515	1.0354	0.155221680376392	1
TCONS_00001087	TCONS_00001087_ORF_1_ORF_1	969	+	1	388	969	582	0.8799	-0.0133522597753264	0.829463276572387
TCONS_00001114	TCONS_00001114_ORF_1_ORF_1	1633	+	1	67	858	792	0.7736	0.0585080640362726	0.981375835406122
TCONS_00001077	TCONS_00001077_ORF_1_ORF_1	1121	+	3	156	986	831	0.6977	0.158455209600023	0.991622232034468
TCONS_00001104	TCONS_00001104_ORF_1_ORF_1	4883	+	1	94	4176	4083	1.0354	0.177722867486559	1
TCONS_00001080	TCONS_00001080_ORF_1_ORF_1	802	+	2	134	667	534	0.673	0.115628538626508	0.754626530745572
TCONS_00001081	TCONS_00001081_ORF_1_ORF_1	1040	+	1	127	1038	912	1.0307	0.213961450066138	0.999230615261608
TCONS_00001076	TCONS_00001076_ORF_1_ORF_1	548	+	1	208	543	336	0.8803	0.223600209378859	0.572481139798801
TCONS_00001085	TCONS_00001085_ORF_1_ORF_1	953	+	2	200	775	576	0.8851	0.124815529673145	0.914662732182072
TCONS_00001092	TCONS_00001092_ORF_1_ORF_1	5830	+	1	226	2373	2148	0.8969	0.0776073205265058	0.999999996413116
TCONS_00001098	TCONS_00001098_ORF_1_ORF_1	5044	+	1	19	4917	4899	1.0409	0.163181137739487	1
TCONS_00001072	TCONS_00001072_ORF_1_ORF_1	3676	+	3	240	2303	2064	1.0021	0.217017463729444	0.999999997564061
TCONS_00001096	TCONS_00001096_ORF_1_ORF_1	5283	+	3	174	4553	4380	1.0143	0.181611025561641	1
TCONS_00001084	TCONS_00001084_ORF_1_ORF_1	4667	+	2	56	2398	2343	0.8652	0.09757380416737	0.999999999624687
TCONS_00001103	TCONS_00001103_ORF_1_ORF_1	4946	+	2	128	4210	4083	1.0354	0.177722867486559	1
TCONS_00001100	TCONS_00001100_ORF_1_ORF_1	3427	+	3	138	2054	1917	0.9548	0.215679629640198	0.999999985232074
TCONS_00001118	TCONS_00001118_ORF_1_ORF_1	3710	+	3	162	2288	2127	0.8738	0.0600405535970438	0.999999995134277
TCONS_00001109	TCONS_00001109_ORF_1_ORF_1	4868	+	2	134	2875	2742	1.0151	0.205982404978359	0.99999999999865
TCONS_00001097	TCONS_00001097_ORF_1_ORF_1	1328	+	1	19	354	336	0.8803	0.223600209378859	0.561982781362244
TCONS_00001116	TCONS_00001116_ORF_1_ORF_1	1051	+	1	331	927	597	0.7742	-0.019077814553763	0.793481327173383
TCONS_00001105	TCONS_00001105_ORF_1_ORF_1	2516	+	2	1796	2392	597	0.7742	-0.019077814553763	0.780007718195566
TCONS_00001068	TCONS_00001068_ORF_1_ORF_1	1652	+	3	687	1517	831	0.6977	0.158455209600023	0.991376858531029
TCONS_00001101	TCONS_00001101_ORF_1_ORF_1	4681	+	2	128	4261	4134	0.965	0.167149266647651	1
TCONS_00001165	TCONS_00001165_ORF_2_ORF_2	3733	+	2	1739	2386	648	1.1992	0.51956520339534	0.998503669117887
TCONS_00001172	TCONS_00001172_ORF_1_ORF_1	6345	+	1	382	3015	2634	1.2674	0.59847617577192	0.99999999999981
TCONS_00001169	TCONS_00001169_ORF_1_ORF_1	6339	+	3	1527	2918	1392	1.2259	0.56775457362526	0.99999971436534
TCONS_00001177	TCONS_00001177_ORF_1_ORF_1	11939	+	1	6892	7989	1098	1.1763	0.558003519097255	0.999986890068607
TCONS_00001162	TCONS_00001162_ORF_1_ORF_1	538	+	1	133	537	405	1.191	0.396763654916431	0.960316525908274
TCONS_00001175	TCONS_00001175_ORF_2_ORF_2	1859	+	1	10	510	501	1.3306	0.602801927930555	0.997320516739728
TCONS_00001161	TCONS_00001161_ORF_1_ORF_1	5427	+	2	515	1357	843	1.2762	0.428609736676026	0.999752900120303
TCONS_00001171	TCONS_00001171_ORF_1_ORF_1	6025	+	2	62	2695	2634	1.2674	0.59847617577192	0.999999999999813
TCONS_00001163	TCONS_00001163_ORF_1_ORF_1	3129	+	1	484	1659	1176	1.206	0.587907942547449	0.999997455794955
TCONS_00001173	TCONS_00001173_ORF_1_ORF_1	2918	+	1	382	2916	2535	1.254	0.566443096912092	0.999999999999394
TCONS_00001160	TCONS_00001160_ORF_1_ORF_1	7582	+	3	2025	3407	1383	1.2259	0.569340938444909	0.999999665066283
TCONS_00001170	TCONS_00001170_ORF_1_ORF_1	6143	+	3	180	2813	2634	1.2674	0.59847617577192	0.999999999999812
TCONS_00001174	TCONS_00001174_ORF_1_ORF_1	1903	+	2	1556	1903	348	1.0027	0.0509286967480756	0.431938606019177
TCONS_00001176	TCONS_00001176_ORF_1_ORF_1	5927	+	2	62	2695	2634	1.2674	0.59847617577192	0.999999999999814
TCONS_00001164	TCONS_00001164_ORF_2_ORF_2	2473	+	1	637	1248	612	1.2542	0.575696907061699	0.998770337160623
TCONS_00001166	TCONS_00001166_ORF_2_ORF_2	3242	+	1	382	993	612	1.2542	0.575696907061699	0.998717447396119
TCONS_00001168	TCONS_00001168_ORF_1_ORF_1	3715	+	1	271	1875	1605	1.2353	0.577750032475512	0.999999979203737
TCONS_00001188	TCONS_00001188_ORF_1_ORF_1	2994	+	1	1219	1737	519	1.1035	0.133890271090467	0.919105708935533
TCONS_00001217	TCONS_00001217_ORF_1_ORF_1	3391	+	1	145	2118	1974	1.151	0.422952101015862	0.999999998874016
TCONS_00001208	TCONS_00001208_ORF_1_ORF_1	3458	+	2	86	2206	2121	1.0358	0.253984747056861	0.999999999095003
TCONS_00001198	TCONS_00001198_ORF_1_ORF_1	3369	+	1	94	2115	2022	1.0358	0.250810476141942	0.99999999722083
TCONS_00001206	TCONS_00001206_ORF_1_ORF_1	4393	+	1	163	2172	2010	0.9585	0.230021797528453	0.999999995021289
TCONS_00001196	TCONS_00001196_ORF_1_ORF_1	3677	+	3	177	2420	2244	0.9439	0.252031147222207	0.999999999678664
TCONS_00001211	TCONS_00001211_ORF_1_ORF_1	3023	+	3	216	3023	2808	1.0396	0.2709786103633	0.999999999999639
TCONS_00001194	TCONS_00001194_ORF_1_ORF_1	4227	+	1	163	2970	2808	1.0396	0.2709786103633	0.999999999999614
TCONS_00001210	TCONS_00001210_ORF_1_ORF_1	3612	+	1	112	2355	2244	0.9439	0.252031147222207	0.999999999679807
TCONS_00001191	TCONS_00001191_ORF_1_ORF_1	3663	+	1	163	2406	2244	0.9439	0.252031147222207	0.99999999967891
TCONS_00001195	TCONS_00001195_ORF_1_ORF_1	3914	+	3	99	2657	2559	1.0484	0.279981762781114	0.999999999994351
TCONS_00001216	TCONS_00001216_ORF_1_ORF_1	4392	+	1	577	3135	2559	1.0484	0.279981762781114	0.999999999994201
TCONS_00001205	TCONS_00001205_ORF_1_ORF_1	3540	+	1	163	2283	2121	1.0358	0.253984747056861	0.999999999090925
TCONS_00001218	TCONS_00001218_ORF_1_ORF_1	1429	+	3	129	1427	1299	1.1198	0.361390826289414	0.999996885036038
TCONS_00001199	TCONS_00001199_ORF_1_ORF_1	4186	+	3	132	2939	2808	1.0396	0.2709786103633	0.999999999999615
TCONS_00001209	TCONS_00001209_ORF_1_ORF_1	4189	+	2	125	2932	2808	1.0396	0.2709786103633	0.999999999999615
TCONS_00001207	TCONS_00001207_ORF_1_ORF_1	3441	+	1	163	2184	2022	1.0358	0.250810476141942	0.999999997209836
TCONS_00001197	TCONS_00001197_ORF_1_ORF_1	4247	+	3	183	2990	2808	1.0396	0.2709786103633	0.999999999999614
TCONS_00001189	TCONS_00001189_ORF_1_ORF_1	4204	+	2	140	2947	2808	1.0396	0.2709786103633	0.999999999999615
TCONS_00001192	TCONS_00001192_ORF_1_ORF_1	3978	+	1	163	2721	2559	1.0484	0.279981762781114	0.999999999994331
TCONS_00001190	TCONS_00001190_ORF_1_ORF_1	3966	+	1	151	2709	2559	1.0484	0.279981762781114	0.999999999994335
TCONS_00001193	TCONS_00001193_ORF_1_ORF_1	3973	+	1	163	2721	2559	1.0484	0.279981762781114	0.999999999994333
TCONS_00001296	TCONS_00001296_ORF_1_ORF_1	2295	+	3	384	1565	1182	1.2408	0.505164125186382	0.999996669534476
TCONS_00001271	TCONS_00001271_ORF_1_ORF_1	5042	+	1	1288	3894	2607	1.143	0.208398508324883	0.999999999996086
TCONS_00001275	TCONS_00001275_ORF_1_ORF_1	4843	+	1	1174	3729	2556	1.116	0.186935824301955	0.999999999991436
TCONS_00001249	TCONS_00001249_ORF_1_ORF_1	4831	+	3	219	3713	3495	1.0571	0.217947762876172	1
TCONS_00001288	TCONS_00001288_ORF_1_ORF_1	4846	+	2	23	3700	3678	1.068	0.241501576444536	1
TCONS_00001307	TCONS_00001307_ORF_1_ORF_1	2838	+	3	561	2105	1545	1.2871	0.639757263703198	0.999999977732798
TCONS_00001272	TCONS_00001272_ORF_1_ORF_1	3832	+	3	1221	2684	1464	1.2075	0.287931226477332	0.999999352446317
TCONS_00001298	TCONS_00001298_ORF_1_ORF_1	2580	+	1	82	1851	1770	1.2715	0.603233364581639	0.999999997667075
TCONS_00001270	TCONS_00001270_ORF_1_ORF_1	3650	+	1	250	2502	2253	1.0905	0.289105897329861	0.999999999860232
TCONS_00001273	TCONS_00001273_ORF_1_ORF_1	3596	+	2	62	2482	2421	1.0905	0.290246556003538	0.999999999978873
TCONS_00001302	TCONS_00001302_ORF_4_ORF_4	671	+	1	589	669	81	1.0193	0.575461457769571	0.511670860373197
TCONS_00001253	TCONS_00001253_ORF_1_ORF_1	4991	+	1	70	3873	3804	1.1005	0.248509712956673	1
TCONS_00001287	TCONS_00001287_ORF_1_ORF_1	3754	+	2	23	2608	2586	1.1458	0.321695182297393	0.999999999997703
TCONS_00001297	TCONS_00001297_ORF_1_ORF_1	2283	+	1	85	1554	1470	1.2871	0.644141488809211	0.999999951325032
TCONS_00001304	TCONS_00001304_ORF_1_ORF_1	748	+	2	401	748	348	1.3306	0.655782281423682	0.989950473867905
TCONS_00001311	TCONS_00001311_ORF_1_ORF_1	2840	+	2	590	2134	1545	1.2871	0.639757263703198	0.999999977730356
TCONS_00001250	TCONS_00001250_ORF_1_ORF_1	3797	+	1	70	2679	2610	1.0959	0.317559344753133	0.999999999997856
TCONS_00001252	TCONS_00001252_ORF_1_ORF_1	3773	+	1	70	2655	2586	1.0699	0.319953845890746	0.999999999996981
TCONS_00001310	TCONS_00001310_ORF_1_ORF_1	2972	+	2	722	2266	1545	1.2871	0.639757263703198	0.99999997756859
TCONS_00001251	TCONS_00001251_ORF_1_ORF_1	3671	+	1	70	2553	2484	1.0959	0.310685242344528	0.99999999999091
TCONS_00001255	TCONS_00001255_ORF_1_ORF_1	3224	+	2	23	2110	2088	1.0959	0.338574310097249	0.999999999371201
TCONS_00001301	TCONS_00001301_ORF_1_ORF_1	1606	+	2	110	1528	1419	1.2914	0.57259361358774	0.999999873786862
TCONS_00001309	TCONS_00001309_ORF_1_ORF_1	4974	+	2	47	1231	1185	1.2297	0.584600872322939	0.999997606726587
TCONS_00001256	TCONS_00001256_ORF_1_ORF_1	3145	+	1	70	2031	1962	1.0668	0.331220168983216	0.999999997036625
TCONS_00001254	TCONS_00001254_ORF_1_ORF_1	3791	+	1	1210	2673	1464	1.2075	0.287931226477332	0.999999353900435
TCONS_00001300	TCONS_00001300_ORF_1_ORF_1	1888	+	1	79	1620	1542	1.2871	0.638668579152048	0.999999977996644
TCONS_00001303	TCONS_00001303_ORF_1_ORF_1	952	+	2	86	952	867	1.2319	0.629778372534819	0.999949190963127
TCONS_00001299	TCONS_00001299_ORF_1_ORF_1	2479	+	1	82	1773	1692	1.282	0.627909416227394	0.999999995389676
TCONS_00001289	TCONS_00001289_ORF_1_ORF_1	3596	+	2	23	2482	2460	1.0959	0.313135392112802	0.999999999988334
TCONS_00001276	TCONS_00001276_ORF_1_ORF_1	4882	+	1	1288	3768	2481	1.143	0.195965532753572	0.999999999982868
TCONS_00001291	TCONS_00001291_ORF_1_ORF_1	3596	+	2	23	2482	2460	1.0959	0.314966027822353	0.999999999988462
TCONS_00001274	TCONS_00001274_ORF_1_ORF_1	4814	+	2	23	3700	3678	1.068	0.240277665713008	1
TCONS_00001290	TCONS_00001290_ORF_1_ORF_1	3931	+	1	1174	2817	1644	1.1873	0.256754749889975	0.999999887422256
TCONS_00001316	TCONS_00001316_ORF_1_ORF_1	404	+	2	47	403	357	0.98	0.281027044184408	0.773290600683103
TCONS_00001315	TCONS_00001315_ORF_1_ORF_1	598	+	2	47	598	552	0.9814	0.237031187875562	0.958346327218454
TCONS_00001321	TCONS_00001321_ORF_1_ORF_1	4897	+	1	199	3396	3198	0.9554	0.147784901071904	1
TCONS_00001325	TCONS_00001325_ORF_1_ORF_1	2333	+	1	7	2184	2178	0.8907	0.150185184412458	0.999999998607843
TCONS_00001326	TCONS_00001326_ORF_1_ORF_1	1823	+	1	7	1674	1668	0.9252	0.148257827575712	0.99999963443493
TCONS_00001327	TCONS_00001327_ORF_1_ORF_1	3621	+	3	87	2120	2034	0.7497	0.147327245881327	0.999999987622057
TCONS_00001322	TCONS_00001322_ORF_1_ORF_1	3897	+	2	170	445	276	1.1359	0.134541369685496	0.444663959386343
TCONS_00001324	TCONS_00001324_ORF_1_ORF_1	670	+	2	158	472	315	1.0169	0.0910398790453359	0.429673974025481
TCONS_00001319	TCONS_00001319_ORF_1_ORF_1	5090	+	2	1370	3589	2220	0.9105	0.15089968760214	0.999999999058663
TCONS_00001320	TCONS_00001320_ORF_1_ORF_1	5291	+	2	1571	3790	2220	0.9105	0.15089968760214	0.999999999048231
TCONS_00001323	TCONS_00001323_ORF_1_ORF_1	1654	+	1	154	459	306	1.0491	0.111115939121494	0.448928771350664
TCONS_00001348	TCONS_00001348_ORF_1_ORF_1	3624	+	2	890	3508	2619	1.1182	0.166123390065886	0.999999999995542
TCONS_00001332	TCONS_00001332_ORF_1_ORF_1	3196	+	3	1317	3080	1764	1.0794	0.16768035745332	0.999999929664065
TCONS_00001339	TCONS_00001339_ORF_1_ORF_1	3698	+	2	1679	3544	1866	1.1662	0.142748000180487	0.999999980079823
TCONS_00001344	TCONS_00001344_ORF_1_ORF_1	496	+	3	153	431	279	0.9237	0.23894352709295	0.474981356242943
TCONS_00001335	TCONS_00001335_ORF_1_ORF_1	3612	+	1	325	3363	3039	1.085	0.155069665949514	1
TCONS_00001331	TCONS_00001331_ORF_1_ORF_1	4160	+	1	2392	4044	1653	1.0596	0.169503205363759	0.999999728169174
TCONS_00001333	TCONS_00001333_ORF_1_ORF_1	3085	+	3	1317	2969	1653	1.0596	0.169503205363759	0.999999743728789
TCONS_00001330	TCONS_00001330_ORF_1_ORF_1	4396	+	3	2517	4280	1764	1.0794	0.16768035745332	0.999999924880486
TCONS_00001357	TCONS_00001357_ORF_1_ORF_1	3825	+	1	1819	2676	858	0.7886	0.108274273344207	0.992870816717514
TCONS_00001358	TCONS_00001358_ORF_1_ORF_1	939	+	3	69	785	717	1.0699	0.164193173457015	0.992046714548952
TCONS_00001356	TCONS_00001356_ORF_1_ORF_1	2653	+	3	885	2537	1653	1.0596	0.169503205363759	0.999999749727783
TCONS_00001354	TCONS_00001354_ORF_1_ORF_1	3304	+	3	792	3188	2397	1.1452	0.166669301918163	0.999999999952326
TCONS_00001337	TCONS_00001337_ORF_1_ORF_1	3296	+	1	175	3093	2919	1.0652	0.148620019566516	0.999999999999796
TCONS_00001350	TCONS_00001350_ORF_1_ORF_1	3355	+	3	312	3239	2928	1.085	0.155619379554746	0.999999999999835
TCONS_00001353	TCONS_00001353_ORF_1_ORF_1	4273	+	2	2342	3841	1500	1.0959	0.138933865686232	0.999998390818093
TCONS_00001351	TCONS_00001351_ORF_1_ORF_1	3624	+	2	1679	3508	1830	1.066	0.154037482204523	0.999999960852536
TCONS_00001355	TCONS_00001355_ORF_1_ORF_1	3328	+	3	714	3212	2499	1.1182	0.159119895691345	0.999999999982478
TCONS_00001352	TCONS_00001352_ORF_1_ORF_1	746	+	1	124	630	507	1.1586	0.188188162266772	0.949726619149607
TCONS_00001334	TCONS_00001334_ORF_1_ORF_1	3736	+	3	873	3491	2619	1.1182	0.166123390065886	0.999999999995515
TCONS_00001341	TCONS_00001341_ORF_1_ORF_1	976	+	3	69	860	792	1.0336	0.187992017902178	0.996606615042193
TCONS_00001336	TCONS_00001336_ORF_1_ORF_1	4259	+	1	2251	4014	1764	1.0794	0.16768035745332	0.999999925442661
TCONS_00001338	TCONS_00001338_ORF_1_ORF_1	3079	+	1	223	1182	960	0.9823	0.065123438556638	0.998534849019082
TCONS_00001342	TCONS_00001342_ORF_1_ORF_1	828	+	3	69	674	606	1.0912	0.168539146307157	0.975641661295262
TCONS_00001349	TCONS_00001349_ORF_1_ORF_1	3595	+	3	585	3479	2895	1.1182	0.143047939496266	0.999999999999767
TCONS_00001340	TCONS_00001340_ORF_1_ORF_1	812	+	3	69	749	681	0.9031	0.195753512536469	0.982823987681312
TCONS_00001343	TCONS_00001343_ORF_1_ORF_1	917	+	3	69	485	417	1.0751	0.109709586851981	0.76103288131361
